player_id,player_name,national_team_name,position,age,minutes,weighted_rating,market_value,market_value_currency,archetype_cluster,archetype,spatial_role,final_role,lateral_profile,vertical_profile,mobility_profile,role_confidence_pct,role_confidence_score,matches_with_position_data,total_position_points,spatial_reliability,position_consistency_score,weighted_mean_x,weighted_mean_y,weighted_x_std,weighted_y_std,spatial_spread,defensive_third_match_share,middle_third_match_share,attacking_third_match_share,right_wide_match_share,right_half_space_match_share,central_lane_match_share,left_half_space_match_share,left_wide_match_share,wide_lane_match_share,half_space_match_share,age_score,minutes_reliability_score,rating_quality_score,market_value_log,market_value_percentile_position,data_reliability_score,player_quality_score,role_reason,archetype_pca_1,archetype_pca_2,archetype_score_aerial,archetype_score_aerial_presence,archetype_score_ball_security,archetype_score_box_command,archetype_score_creativity,archetype_score_defending,archetype_score_defensive_work,archetype_score_dribbling,archetype_score_duels,archetype_score_finishing,archetype_score_link_play,archetype_score_long_distribution,archetype_score_off_ball_threat,archetype_score_passing,archetype_score_passing_volume,archetype_score_progression,archetype_score_scoring_threat,archetype_score_security,archetype_score_shooting_volume,archetype_score_short_distribution,archetype_score_shot_stopping,archetype_score_sweeping,archetype_score_wide_attack,archetype_score_wide_creation,country_name,height_cm,appearances,starts,minutes_reliability,rating_std,minutes_share_of_max,goals_per90,goalAssist_per90,expectedGoals_per90,expectedAssists_per90,totalShots_per90,onTargetScoringAttempt_per90,shotOffTarget_per90,blockedScoringAttempt_per90,bigChanceCreated_per90,bigChanceMissed_per90,keyPass_per90,totalPass_per90,accuratePass_per90,totalLongBalls_per90,accurateLongBalls_per90,totalCross_per90,accurateCross_per90,totalContest_per90,wonContest_per90,ballCarriesCount_per90,progressiveBallCarriesCount_per90,totalBallCarriesDistance_per90,totalProgressiveBallCarriesDistance_per90,totalProgression_per90,touches_per90,possessionLostCtrl_per90,unsuccessfulTouch_per90,dispossessed_per90,ballRecovery_per90,duelWon_per90,duelLost_per90,aerialWon_per90,aerialLost_per90,totalTackle_per90,wonTackle_per90,interceptionWon_per90,totalClearance_per90,outfielderBlock_per90,errorLeadToAShot_per90,errorLeadToAGoal_per90,wasFouled_per90,fouls_per90,totalOffside_per90,saves_per90,goalsPrevented_per90,keeperSaveValue_per90,savedShotsFromInsideTheBox_per90,goodHighClaim_per90,punches_per90,totalKeeperSweeper_per90,accurateKeeperSweeper_per90,adj_goals_per90,adj_goalAssist_per90,adj_expectedGoals_per90,adj_expectedAssists_per90,adj_totalShots_per90,adj_onTargetScoringAttempt_per90,adj_shotOffTarget_per90,adj_blockedScoringAttempt_per90,adj_bigChanceCreated_per90,adj_bigChanceMissed_per90,adj_keyPass_per90,adj_totalPass_per90,adj_accuratePass_per90,adj_totalLongBalls_per90,adj_accurateLongBalls_per90,adj_totalCross_per90,adj_accurateCross_per90,adj_totalContest_per90,adj_wonContest_per90,adj_ballCarriesCount_per90,adj_progressiveBallCarriesCount_per90,adj_totalBallCarriesDistance_per90,adj_totalProgressiveBallCarriesDistance_per90,adj_totalProgression_per90,adj_touches_per90,adj_possessionLostCtrl_per90,adj_unsuccessfulTouch_per90,adj_dispossessed_per90,adj_ballRecovery_per90,adj_duelWon_per90,adj_duelLost_per90,adj_aerialWon_per90,adj_aerialLost_per90,adj_totalTackle_per90,adj_wonTackle_per90,adj_interceptionWon_per90,adj_totalClearance_per90,adj_outfielderBlock_per90,adj_errorLeadToAShot_per90,adj_errorLeadToAGoal_per90,adj_wasFouled_per90,adj_fouls_per90,adj_totalOffside_per90,adj_saves_per90,adj_goalsPrevented_per90,adj_keeperSaveValue_per90,adj_savedShotsFromInsideTheBox_per90,adj_goodHighClaim_per90,adj_punches_per90,adj_totalKeeperSweeper_per90,adj_accurateKeeperSweeper_per90,pass_accuracy,long_ball_accuracy,cross_accuracy,contest_success,duel_success,aerial_success,tackle_success,keeper_sweeper_accuracy,mean_points_per_match,median_points_per_match,unweighted_mean_x,unweighted_mean_y,median_x,median_y,dominant_longitudinal_zone,dominant_lateral_lane,statistical_similarity_pct,heatmap_cosine_similarity_pct,occupation_overlap_pct,lateral_profile_similarity_pct,vertical_profile_similarity_pct,peak_zone_similarity_pct,peak_zone_distance,entropy_similarity_pct,heatmap_similarity_score_pct,target_matches_with_heatmap,candidate_matches_with_heatmap,target_heatmap_points,candidate_heatmap_points,has_heatmap_similarity,effective_heatmap_score_pct,heatmap_left_wide_share,heatmap_left_half_space_share,heatmap_central_share,heatmap_right_half_space_share,heatmap_right_wide_share,heatmap_build_up_share,heatmap_middle_third_share,heatmap_advanced_middle_share,heatmap_final_third_share,heatmap_heatmap_entropy,heatmap_weighted_mean_x,heatmap_weighted_mean_y,heatmap_peak_cell_x,heatmap_peak_cell_y,role_fit_pct,spatial_similarity_pct,market_value_advantage_pct,age_suitability_pct,same_final_role,same_archetype,value_score,recommendation_type,recommendation_strength,why_recommended,value_rank
886223,Stephen Eustaquio,Canada,M,29.6,391.0,7.850127877237852,6500000.0,EUR,0,Wide Creator,Advanced Central Zone,Advanced Central Playmaker,Central Lane,Advanced Middle Third,Mobile,86.57,86.57,5,414,1.0,0.1044,62.0708,57.1679,5.2441,6.7903,8.5795,0.0,0.7174,0.2826,0.0,0.0,0.8068,0.1932,0.0,0.0,0.1932,27.5,65.17,99.53,15.687313,40.8,66.41,89.67,"Statistical archetype: Wide Creator | Spatial profile: Advanced Central Zone | Mean position: X=62.1, Y=57.2 | Wide=0.00, Half-space=0.19, Central=0.81 | Spatial spread=8.58",2.7100133498441523,1.7606726341106862,,,-0.3840592572954213,,1.9935042196635395,,1.08512704039036,0.0824822739669688,,,,,,,0.6687993376759641,0.3702749282575744,-0.3407813014373166,,,,,,,3.5129944047810473,Canada,178.0,5,4,0.6847635726795096,0.9486832980505138,0.6516666666666666,0.2301790281329923,0.0,0.0356086956521739,0.3612722455242967,0.9207161125319694,0.2301790281329923,0.4603580562659847,0.2301790281329923,0.690537084398977,0.0,2.762148337595908,63.98976982097187,55.933503836317136,3.6828644501278776,2.071611253196931,10.358056265984654,3.6828644501278776,0.4603580562659847,0.4603580562659847,20.48593350383632,1.8414322250639388,171.48189802375174,42.24373444222941,78.87191977088101,86.77749360613811,17.033248081841432,1.6112531969309465,0.4603580562659847,5.984654731457801,4.833759590792839,2.3017902813299234,0.2301790281329923,0.4603580562659847,2.531969309462915,0.9207161125319694,0.690537084398977,0.690537084398977,0.0,0.0,0.0,1.6112531969309465,0.4603580562659847,0.0,0.0,0.0,0.0,0.0,0.0,0.0,0.0,0.0,0.1945936474933188,0.0313343109262517,0.0597988856701095,0.2812058765382094,1.092656527032331,0.2863889220917011,0.5090185146682367,0.2972490902723931,0.5202233654613165,0.0346605037917442,2.2287600053647565,57.690624152640645,50.04961914465082,3.43125997242968,1.8801178485917531,7.83502696431631,2.6757615804240675,1.0503310098206535,0.628696297695351,19.724218045940944,1.8371924644237536,166.53393876356805,40.56890582956328,74.744506264738,79.74636809788909,15.882686070992296,1.660211466273732,0.666357209926163,5.499172450428816,4.967752747667295,3.4933093342695583,0.4204036969775819,0.6968974482643211,2.4319727214490197,1.0965105676969855,0.8013225476914156,1.0125782417490827,0.0717247159273516,0.0193608346675376,0.0049000117473159,1.4983324762045371,0.7663936204768296,0.0452908027818318,0.0,0.0,0.0,0.0,0.0,0.0,0.0,0.0,0.8741007194244604,0.5625,0.3555555555555555,1.0,0.6774193548387096,0.3333333333333333,0.3636363636363636,0.0,82.8,80.0,61.2621,56.5125,60.6128,55.9077,central_advanced,central_lane,29.56,87.74325752997528,75.36396612267146,79.36266704519835,96.08884902385104,54.54313549515053,64.28571428571428,99.45300187808648,84.18938046508873,6,5,509,414,True,84.18938046508873,0.1267159581184387,0.2082870304584503,0.1583600342273712,0.2600908875465393,0.246546059846878,0.0370221361517906,0.2593210935592651,0.5103265047073364,0.1933302730321884,0.9389502289609298,61.611111111111114,56.68357487922705,69.04761904761905,82.14285714285714,92.45,62.22,97.74,0.0,True,True,82.56,Best-value direct replacement,Elite,same final role; same statistical archetype; major price advantage; strong heatmap occupation similarity (84.2%),1
789071,Dani Olmo,Spain,M,28.2,342.0,7.103801169590644,58000000.0,EUR,0,Wide Creator,Advanced Central Zone,Advanced Central Playmaker,Central Lane,Advanced Middle Third,Positionally Stable,87.63,87.63,7,322,1.0,0.1752,58.2637,43.2137,3.2654,3.3905,4.7073,0.0,1.0,0.0,0.0,0.2019,0.7981,0.0,0.0,0.0,0.2019,36.25,57.0,68.87,17.875954,88.44,64.15,72.62,"Statistical archetype: Wide Creator | Spatial profile: Advanced Central Zone | Mean position: X=58.3, Y=43.2 | Wide=0.00, Half-space=0.20, Central=0.80 | Spatial spread=4.71",1.3176916568091637,0.6051864356881039,,,-0.2327799141732078,,1.509215448409594,,-0.3618289488397644,0.4582533119354426,,,,,,,0.6427338291906464,0.0807370028736061,0.3774820264004523,,,,,,,0.3300990201881841,Spain,179.0,6,4,0.6551724137931034,0.2588435821108958,0.57,0.0,0.2631578947368421,0.1906315789473683,0.3028718947368421,2.631578947368421,0.2631578947368421,1.3157894736842104,1.0526315789473684,0.5263157894736842,0.2631578947368421,1.8421052631578947,46.578947368421055,42.10526315789473,1.5789473684210529,1.3157894736842104,0.0,0.0,2.1052631578947367,1.3157894736842104,16.052631578947366,2.3684210526315788,142.61545412340166,45.79871067003605,67.65069953434357,60.78947368421053,9.210526315789473,3.1578947368421053,0.5263157894736842,2.894736842105263,5.0,2.894736842105263,0.5263157894736842,0.2631578947368421,1.5789473684210529,1.0526315789473684,0.0,0.0,0.2631578947368421,0.0,0.0,1.5789473684210529,1.0526315789473684,0.0,0.0,0.0,0.0,0.0,0.0,0.0,0.0,0.0,0.0404463078902012,0.206689447392509,0.1636363289609818,0.2354277691634436,2.2297066607959017,0.3132721733991596,1.074041325432113,0.8423931619646292,0.396642800150214,0.2103278690902029,1.5759041437993793,45.692234465819546,40.437418642903474,2.029213494745876,1.366948834379102,0.8118781544532828,0.1683139126860966,2.1834080586352353,1.204953229854493,16.748138896996704,2.182063021429048,147.1569774270379,42.74081247302923,67.00523311780925,62.05972449021967,10.649451621717628,2.6781240368626458,0.7289079825054388,3.4291713969250077,5.089246779536447,3.993639137678003,0.6322806723643664,0.589901231722083,1.7981923830409776,1.1994397206034075,0.3593011010187706,0.5903873104190158,0.2508712888783866,0.0211782310252183,0.0053599745358571,1.466566750790787,1.1831623702917042,0.0495422382920038,0.0,0.0,0.0,0.0,0.0,0.0,0.0,0.0,0.903954802259887,0.8333333333333334,0.0,0.625,0.6333333333333333,0.6666666666666666,0.6666666666666666,0.0,46.0,54.0,57.9071,43.5336,59.7846,44.8489,central_advanced,central_lane,50.71,92.84462407853808,81.3866896649829,88.57462252454474,97.21744069000415,93.9297386742943,8.584645893961877,98.8017338844696,90.91542992165871,6,6,509,268,True,90.91542992165871,0.2095788717269897,0.3465594947338104,0.181051880121231,0.1839015483856201,0.0789081826806068,0.0558853149414062,0.246114119887352,0.4991306066513061,0.1988699436187744,0.932437549024761,58.52238805970149,41.735074626865675,64.28571428571429,25.0,97.53,68.37,79.86,14.65,True,True,82.39,Best-value direct replacement,Elite,same final role; elite heatmap occupation similarity (90.9%); same statistical archetype; high shared-zone occupation (81.4%),2
135700,Hakan Çalhanoğlu,Türkiye,M,32.4,180.0,7.4,16700000.0,EUR,0,Wide Creator,Advanced Central Zone,Advanced Central Playmaker,Central Lane,Advanced Middle Third,Highly Fixed,69.97,69.97,2,257,0.79,0.4979,58.0969,57.8938,0.5724,0.8303,1.0085,0.0,1.0,0.0,0.0,0.0,1.0,0.0,0.0,0.0,0.0,10.0,30.0,87.26,16.630919,61.79,51.11,75.71,"Statistical archetype: Wide Creator | Spatial profile: Advanced Central Zone | Mean position: X=58.1, Y=57.9 | Wide=0.00, Half-space=0.00, Central=1.00 | Spatial spread=1.01",2.596375626238882,3.1588933631710288,,,0.1296219253949109,,1.443120180164824,,0.0672515584520574,-1.382888654581385,,,,,,,1.8955905377769464,2.825841214792622,1.4520095155763868,,,,,,,1.878612696319777,Türkiye,178.0,2,2,0.5,0.1414213562373093,0.3,0.0,0.0,0.2064,0.345062,5.5,1.0,1.5,3.0,0.5,0.5,3.5,95.5,84.5,8.0,5.5,5.0,1.0,0.0,0.0,45.5,3.5,392.43174910041,67.443122546767,210.02289226727,114.0,16.0,0.5,0.5,6.499999999999999,3.5,4.5,1.0,1.5,2.0,1.0,0.5,2.0,0.0,0.0,0.0,0.5,1.0,0.0,0.0,0.0,0.0,0.0,0.0,0.0,0.0,0.0,0.0586471464407918,0.0496996987191381,0.1593726769934236,0.2261729652869932,3.483074658154058,0.7042446514287815,1.057359921876564,1.7214700848487123,0.3251320602178104,0.3049754101807942,2.2850610085091,69.75373997543835,60.88425703221005,5.44235956738152,3.482075809849698,3.67722332395726,0.7440551733948402,1.1659416850210915,0.4971821832890148,31.78480140064522,2.66399138107212,274.1088104021784,52.18696422274163,137.90086959683202,89.23660051081853,14.69170485149056,1.133279853450836,0.8069165746328861,5.472298525541261,4.379407830327848,5.290776749633105,0.9168069749283312,1.3553567859970204,2.107378955409417,1.2391875948749411,0.7709865964772175,1.856061600107573,0.1137633688736605,0.0307084349865665,0.0077719630769928,0.8765217886466408,1.215585436922971,0.0718362455234055,0.0,0.0,0.0,0.0,0.0,0.0,0.0,0.0,0.8848167539267016,0.6875,0.2,0.0,0.4375,0.4,0.5,0.0,128.5,128.5,58.0768,57.8647,58.0768,57.8647,central_advanced,central_lane,48.62,83.79671128626589,68.68463627593289,73.78174230651126,89.91800460611205,69.69542366343369,42.85714285714285,96.49488070660462,80.31477280808377,6,2,509,257,True,80.31477280808377,0.0603160038590431,0.2188777327537536,0.2002086788415908,0.3576004207134247,0.1629971116781234,0.0495714768767356,0.252390056848526,0.572899580001831,0.1251388043165207,0.9093690172461112,57.66147859922179,57.42023346303502,69.04761904761905,60.71428571428571,89.29,53.3,94.2,0.0,True,True,80.54,Best-value direct replacement,Elite,same final role; same statistical archetype; major price advantage; matches the target's advanced middle third depth with more right half-space occupation,3
992587,Pedri,Spain,M,23.6,429.0,7.367832167832168,164000000.0,EUR,0,Wide Creator,Advanced Central Zone,Advanced Central Playmaker,Central Lane,Advanced Middle Third,Mobile,86.59,86.59,7,566,1.0,0.1059,61.0004,56.1087,7.4025,4.0643,8.4448,0.0,0.7473,0.2527,0.0,0.0,0.7332,0.2668,0.0,0.0,0.2668,65.0,71.5,84.91,18.915377,99.53,69.29,82.21,"Statistical archetype: Wide Creator | Spatial profile: Advanced Central Zone | Mean position: X=61.0, Y=56.1 | Wide=0.00, Half-space=0.27, Central=0.73 | Spatial spread=8.44",2.185709518876763,2.16914141762196,,,-1.1302473911057598,,0.9983642061986128,,1.0145346859466864,-0.0499335406826069,,,,,,,1.4685632353663536,2.5821522238259664,-0.6885663117136264,,,,,,,1.45179892174048,Spain,174.0,6,5,0.7044334975369458,0.8750238091998793,0.715,0.0,0.0,0.051020979020979,0.3517677272727272,0.8391608391608392,0.2097902097902098,0.2097902097902098,0.4195804195804196,0.2097902097902098,0.0,1.888111888111888,82.02797202797203,72.16783216783217,3.776223776223776,2.7272727272727275,2.5174825174825175,0.6293706293706294,1.4685314685314683,0.8391608391608392,38.6013986013986,3.3566433566433567,316.5998736977895,61.802499986225456,127.49105767154138,101.32867132867132,16.783216783216783,2.5174825174825175,0.8391608391608392,6.083916083916084,4.405594405594406,3.5664335664335662,0.6293706293706294,0.2097902097902098,1.888111888111888,1.2587412587412588,1.6783216783216783,0.0,0.6293706293706294,0.2097902097902098,0.0,1.048951048951049,0.6293706293706294,0.2097902097902098,0.0,0.0,0.0,0.0,0.0,0.0,0.0,0.0,0.0346682639058868,0.0293791322477664,0.0691464100453736,0.279506506573592,1.0244776304358965,0.2685190057707082,0.3294738454442744,0.4264847792209137,0.1921962917543706,0.0324977794172182,1.6463414828625222,70.7903881628207,61.85276277766111,3.512724867417647,2.3539364393200186,2.4692945757382816,0.5876188217112355,1.7237093704558175,0.8850338029294669,32.53288752747501,2.9048224912741594,269.0686415813828,54.451260354449346,109.25099538233528,90.43542887339026,15.7783476954624,2.2955348887394105,0.9203447731820016,5.599388290960352,4.657778027780009,4.309818768256022,0.6897381132581268,0.5056296271903568,1.984657510586848,1.323657691551689,1.4902383821540202,0.506046266073442,0.5105990357873855,0.1659360206817142,0.0045942638878775,1.1092739637320044,0.8663559233042194,0.1902480269103875,0.0,0.0,0.0,0.0,0.0,0.0,0.0,0.0,0.8797953964194374,0.7222222222222222,0.25,0.5714285714285714,0.5526315789473685,0.75,0.6666666666666666,0.0,80.86,80.0,59.0925,56.1686,56.7505,56.9849,central_advanced,central_lane,36.16,85.08743494481105,72.5319861286637,75.55128839896017,88.60981726111729,64.64466094067262,50.0,96.7773354115139,81.53732508175534,6,6,509,537,True,81.53732508175534,0.1003802940249443,0.1965089291334152,0.1759698837995529,0.3309572339057922,0.1961836963891983,0.0277394689619541,0.1969096362590789,0.6137692332267761,0.1615816950798034,0.912193564295204,60.95903165735568,55.95903165735568,69.04761904761905,67.85714285714286,92.45,66.33,43.06,68.0,True,True,72.42,Balanced value alternative,Strong,same final role; same statistical archetype; matches the target's advanced middle third depth with more right half-space occupation; useful heatmap occupation similarity (81.5%),4
1093229,Nathan-Dylan Saliba,Canada,M,22.4,182.0,7.420329670329671,6900000.0,EUR,0,Wide Creator,Central Half-Space,Central Half-Space Creator,Central Lane,Advanced Middle Third,Free-Roaming,58.79,58.79,3,163,0.7208,0.0648,56.0926,46.238,7.083,12.5728,14.4307,0.0,0.7178,0.2822,0.0,0.7178,0.0,0.2822,0.0,0.0,1.0,72.5,30.33,87.74,15.747032,41.98,40.17,70.99,"Statistical archetype: Wide Creator | Spatial profile: Central Half-Space | Mean position: X=56.1, Y=46.2 | Wide=0.00, Half-space=1.00, Central=0.00 | Spatial spread=14.43",0.9705456294969,0.9129041084941364,,,1.096046354415693,,2.17735878908181,,2.027249721686279,0.8951934067655684,,,,,,,0.0368226783082905,0.0312966889680453,0.399483127457474,,,,,,,0.1154180429384589,Canada,173.0,3,2,0.5027624309392266,0.7937253933193776,0.3033333333333333,0.4945054945054945,0.989010989010989,0.0703681318681318,0.2080852912087912,1.4835164835164836,0.4945054945054945,0.4945054945054945,0.4945054945054945,0.989010989010989,0.0,1.978021978021978,50.43956043956044,42.03296703296704,1.4835164835164836,0.989010989010989,0.989010989010989,0.0,3.4615384615384617,1.978021978021978,16.318681318681318,1.978021978021978,151.19407197818109,28.960965990410436,63.09114472079159,65.27472527472527,10.87912087912088,0.0,0.0,7.417582417582418,7.912087912087912,5.934065934065934,1.978021978021978,1.4835164835164836,2.967032967032967,1.978021978021978,1.978021978021978,1.4835164835164836,0.0,0.0,0.0,0.989010989010989,2.4725274725274726,0.0,0.0,0.0,0.0,0.0,0.0,0.0,0.0,0.0,0.3069419135875278,0.5466626838090878,0.0912407837503661,0.1579630676887226,1.4748808755123228,0.4517350124706114,0.5542805852916108,0.4688652777501008,0.5719545350232369,0.054671678632834,1.5265800084620884,47.2412883733641,39.66390202098236,2.1802470835838323,1.225268761176495,1.6679568967530762,0.2427068022711117,2.899831509965727,1.4889104585194624,17.189305260310164,1.9034168430551468,153.47728731143474,32.92386981221997,64.42757123186465,64.87617730357644,12.12434736612321,0.8783998542604998,0.5538396874802182,5.939302401090758,6.592781267729352,6.007402292452811,1.4089793120834235,1.3478686269583626,2.592973546815995,1.7295788236325382,1.5125833556127026,1.5971883315986912,0.113134841973806,0.0305387751247623,0.0077290240544679,1.1202979113613,1.9547258488736732,0.071439360189022,0.0,0.0,0.0,0.0,0.0,0.0,0.0,0.0,0.8333333333333334,0.6666666666666666,0.0,0.5714285714285714,0.5714285714285714,0.5714285714285714,0.6666666666666666,0.0,54.33,51.0,56.8347,47.6866,52.2758,38.6275,central_advanced,central_lane,47.13,90.17270435872372,80.38447052754607,88.74107607143532,88.91153157554712,69.69542366343369,42.85714285714285,98.72992155682196,87.3497743105821,6,3,509,163,True,87.3497743105821,0.1965980380773544,0.2321890443563461,0.1850851625204086,0.2684544920921325,0.117673248052597,0.0281127337366342,0.3415533900260925,0.4834833443164825,0.1468505561351776,0.9317194257482844,55.644171779141104,45.79141104294479,69.04761904761905,60.71428571428571,34.87,39.53,97.6,79.1,False,True,66.65,High-value occupation-profile match,Good,same statistical archetype; major price advantage; high shared-zone occupation (80.4%); strong heatmap occupation similarity (87.3%),5
1014845,Sebastian Berhalter,USA,M,25.2,195.0,7.462051282051282,7400000.0,EUR,0,Wide Creator,Central Build-Up Zone,Creative Central Midfielder,Central Lane,Advanced Middle Third,Positionally Stable,74.61,74.61,4,212,0.8692,0.1621,52.992,53.0745,2.9798,4.2241,5.1693,0.0,1.0,0.0,0.0,0.0,1.0,0.0,0.0,0.0,0.0,55.0,32.5,89.62,15.816991,43.4,48.29,77.6,"Statistical archetype: Wide Creator | Spatial profile: Central Build-Up Zone | Mean position: X=53.0, Y=53.1 | Wide=0.00, Half-space=0.00, Central=1.00 | Spatial spread=5.17",1.8054071163890613,1.5956763558782243,,,0.0319490273198067,,2.021067738931529,,1.0281081847015607,-0.3289421427376181,,,,,,,0.8589453048123292,-0.0623286942726144,0.3106008670480895,,,,,,,2.021737412958198,USA,175.0,5,1,0.52,0.6164414002968974,0.325,0.4615384615384615,0.4615384615384615,0.0609230769230769,0.213363623076923,1.3846153846153846,0.4615384615384615,0.9230769230769232,0.0,0.9230769230769232,0.0,3.2307692307692304,64.61538461538461,53.53846153846154,8.307692307692308,4.615384615384615,5.076923076923077,2.769230769230769,0.9230769230769232,0.4615384615384615,21.23076923076923,0.0,149.69571125922965,0.0,78.41776978297754,85.38461538461539,16.153846153846153,1.3846153846153846,0.0,5.538461538461538,7.384615384615385,5.538461538461538,2.769230769230769,1.3846153846153846,1.3846153846153846,0.0,1.3846153846153846,2.3076923076923075,0.0,0.0,0.0,2.769230769230769,2.3076923076923075,0.0,0.0,0.0,0.0,0.0,0.0,0.0,0.0,0.0,0.2963012605831602,0.2877117107703726,0.0856057699136867,0.1624453706755135,1.4237516718278955,0.4360748653716302,0.7750655250015017,0.2126112814547639,0.552126777809098,0.0527763937735624,2.193658568168736,54.72359037642081,45.728886750921646,5.7046651846862595,3.1027927774557096,3.7701343909989697,1.6742929664590465,1.599304017620248,0.7172948959574542,19.713409344619414,0.8774317258292349,152.61898827269383,17.72678683138381,72.35108681181747,75.3471364903858,14.824036657430938,1.5679486593128025,0.5346399116475706,5.013406584519611,6.364231517114735,5.79914567964778,1.840134695931198,1.3011425145571394,1.7830837971930409,0.7096200910799434,1.2201471326181288,2.02181913610327,0.1092128341187141,0.0294800975871039,0.007461084553913,2.041460917100775,1.8869620194460524,0.0689627957024693,0.0,0.0,0.0,0.0,0.0,0.0,0.0,0.0,0.8285714285714286,0.5555555555555556,0.5454545454545454,0.5,0.5714285714285714,0.6666666666666666,0.0,0.0,53.0,43.5,53.2267,53.8345,52.6666,55.4413,central_advanced,central_lane,33.14,81.82580494926519,71.17065843625572,81.44829525307837,84.47849697506511,63.22989235361787,52.00078492343227,99.53768347118822,79.87809217593839,6,5,509,220,True,79.87809217593839,0.1401907950639724,0.2156684696674347,0.1916740536689758,0.2895524501800537,0.1629141867160797,0.0891121253371238,0.3402767479419708,0.4848420321941376,0.0857690870761871,0.9397970448919472,52.10454545454545,51.79545454545455,54.761904761904766,67.85714285714286,40.82,50.91,97.43,51.4,False,True,65.46,Low-cost adaptable option,Good,same statistical archetype; major price advantage; matches the target's advanced middle third depth with more right half-space occupation; useful heatmap occupation similarity (79.9%),6
1019322,Florian Wirtz,Germany,M,23.2,363.0,7.6820936639118464,95000000.0,EUR,0,Wide Creator,Left Advanced Half-Space,Left Half-Space Creator,Left Half-Space,Advanced Middle Third,Mobile,79.22,79.22,4,403,0.93,0.1145,63.7194,68.8618,3.1275,7.0734,7.734,0.0,0.6824,0.3176,0.0,0.0,0.2308,0.7692,0.0,0.0,0.7692,67.5,60.5,97.64,18.369387,95.28,62.06,85.92,"Statistical archetype: Wide Creator | Spatial profile: Left Advanced Half-Space | Mean position: X=63.7, Y=68.9 | Wide=0.00, Half-space=0.77, Central=0.23 | Spatial spread=7.73",4.295998804845301,1.1778734014468424,,,-0.8199619323277005,,3.088230830219355,,0.5395756829248438,1.8600720891797664,,,,,,,0.2651188403528018,1.5536454544868952,0.3262814055514734,,,,,,,2.602775628579019,Germany,175.0,4,4,0.6685082872928176,0.4787135538781693,0.605,0.0,0.743801652892562,0.1920495867768595,0.4218369421487603,2.479338842975207,0.2479338842975206,0.4958677685950413,1.7355371900826446,0.4958677685950413,0.4958677685950413,2.975206611570248,63.47107438016529,52.31404958677686,0.9917355371900828,0.743801652892562,3.2231404958677685,1.487603305785124,4.958677685950414,2.7272727272727275,25.289256198347108,4.214876033057851,210.81914077498016,62.27868693562909,118.69685188427728,87.76859504132231,18.09917355371901,1.487603305785124,0.9917355371900828,6.446280991735537,5.950413223140496,5.950413223140496,0.743801652892562,0.4958677685950413,1.7355371900826446,1.487603305785124,0.4958677685950413,0.2479338842975206,0.0,0.0,0.0,0.743801652892562,0.2479338842975206,0.2479338842975206,0.0,0.0,0.0,0.0,0.0,0.0,0.0,0.0,0.038882086038094,0.5301876455596496,0.1656282941392864,0.3175652256046364,2.1434749114833536,0.3011566749804075,0.5352662465479984,1.307051989954947,0.3813030233488245,0.367939498462405,2.3436868564701214,57.01905412736244,47.326579247874065,1.6192439120761462,0.9825916971379212,2.9351756843915533,1.1562796729689546,4.087917139240503,2.1528279668214463,22.896000928604565,3.423640694633449,192.57606815474813,53.87607443720495,101.1549717877414,80.04636497954819,16.53593691811529,1.5800750409618802,1.0322098837345102,5.7827393539500065,5.7211543626482975,5.993885137878301,0.7735736850353577,0.7328332282853174,1.894394887564255,1.4845442617955409,0.6768971910346193,0.7333005083586119,0.0754232279825374,0.0203591834165082,0.0051526827029786,0.912611130594458,0.6401671405014174,0.2133720964796059,0.0,0.0,0.0,0.0,0.0,0.0,0.0,0.0,0.82421875,0.75,0.4615384615384615,0.55,0.5,0.6,0.8571428571428571,0.0,100.75,107.5,63.4994,67.1351,63.3754,66.8254,central_advanced,left_half_space,86.55,61.64331456006804,59.00036474371008,60.6348212948084,94.10268591277708,49.49237277238946,71.42857142857143,96.83539294567018,65.41186923543756,6,4,509,403,True,65.41186923543756,0.0833264514803886,0.099292479455471,0.1105639562010765,0.2969416379928589,0.4098753631114959,0.050132181495428,0.1716955304145813,0.5126031041145325,0.2655690312385559,0.9127741396367668,63.2531017369727,68.43672456575682,69.04761904761905,89.28571428571429,29.71,47.76,67.01,71.7,False,True,65.26,Balanced value alternative,Good,same statistical archetype; very strong statistical similarity (86.5%); matches the target's advanced middle third depth with more right wide lane occupation; useful price advantage,7
866469,Bruno Guimarães,Brazil,M,28.7,419.0,7.150119331742244,72000000.0,EUR,0,Wide Creator,Central Build-Up Zone,Creative Central Midfielder,Central Lane,Advanced Middle Third,Positionally Stable,87.09,87.09,5,318,1.0,0.1395,54.3676,42.8884,5.6851,2.3945,6.1688,0.0,1.0,0.0,0.0,0.1698,0.8302,0.0,0.0,0.0,0.1698,33.13,69.83,73.11,18.092177,91.04,69.21,75.82,"Statistical archetype: Wide Creator | Spatial profile: Central Build-Up Zone | Mean position: X=54.4, Y=42.9 | Wide=0.00, Half-space=0.17, Central=0.83 | Spatial spread=6.17",1.4157910218893313,0.6802122061878607,,,0.0850481415677866,,2.6273252901709085,,0.1115573855895962,-0.6566666270094427,,,,,,,-0.296216196666031,-0.5271288367468231,0.3102169957024622,,,,,,,1.1213290951899513,Brazil,182.0,5,5,0.6994991652754591,0.7328028384224504,0.6983333333333334,0.0,0.8591885441527447,0.2251073985680191,0.2425534582338902,1.7183770883054894,0.4295942720763723,0.4295942720763723,0.8591885441527447,0.6443914081145585,0.4295942720763723,2.1479713603818613,41.45584725536993,35.44152744630072,3.2219570405727924,1.288782816229117,3.2219570405727924,0.4295942720763723,1.503579952267303,0.4295942720763723,15.250596658711215,1.503579952267303,115.6668674538832,23.203328983547113,36.78252714826088,58.85441527446301,12.88782816229117,1.288782816229117,0.8591885441527447,4.295942720763723,4.940334128878281,4.295942720763723,0.6443914081145585,0.8591885441527447,2.3627684964200477,1.288782816229117,0.4295942720763723,1.0739856801909309,0.2147971360381861,0.2147971360381861,0.0,1.503579952267303,0.8591885441527447,0.0,0.0,0.0,0.0,0.0,0.0,0.0,0.0,0.0,0.0352470329193406,0.6308712713504003,0.1912223100461311,0.2019048522592947,1.6425824322795677,0.4232522112092843,0.4852246608940954,0.7341055601761878,0.4959057457068643,0.3335411480218463,1.8240767329937828,42.22261501028014,35.99053845007615,3.120616768376206,1.3414812880565798,2.961269443446767,0.4471784013725249,1.752485820713845,0.5993081569015782,16.09771035764988,1.601063267422309,127.7226617193447,27.32844725521731,45.495945445529614,60.54286508162715,13.036750828942573,1.4323551706883155,0.9357094605473106,4.34061347110994,5.036038095021745,4.832520250196858,0.7012529398567601,0.9648221084456216,2.318291191898815,1.345755482729514,0.6136146489679437,1.2657465376272556,0.2186223919774921,0.1687062380553655,0.0046709627841692,1.428293562458749,1.031069711673238,0.0431737034865208,0.0,0.0,0.0,0.0,0.0,0.0,0.0,0.0,0.8549222797927462,0.4,0.1333333333333333,0.2857142857142857,0.5348837209302325,0.4285714285714285,0.5454545454545454,0.0,63.6,67.0,54.0684,42.7076,52.0075,43.5714,central_advanced,central_lane,60.35,92.305689205122,81.28194287253059,87.72560412918311,87.81972653996417,93.9297386742943,8.584645893961877,99.85408227135352,89.65295729126426,6,5,509,318,True,89.65295729126426,0.1913165301084518,0.3231517076492309,0.2000314742326736,0.2230438888072967,0.0624564439058303,0.1210276708006858,0.2749489247798919,0.4455696642398834,0.1584537774324417,0.9458793874665298,53.89622641509434,42.42767295597484,64.28571428571429,25.0,41.89,58.58,75.0,8.53,False,True,65.13,High-value occupation-profile match,Good,same statistical archetype; high shared-zone occupation (81.3%); strong heatmap occupation similarity (89.7%); matches the target's advanced middle third depth with more left half-space occupation,8
835485,Brahim Díaz,Morocco,M,26.9,462.0,6.851298701298702,37000000.0,EUR,0,Wide Creator,Right Half-Space,Right Half-Space Creator,Right Half-Space,Advanced Middle Third,Positionally Stable,86.96,86.96,6,294,1.0,0.1305,57.381,23.9629,4.7859,4.6384,6.6648,0.0,1.0,0.0,0.1429,0.8571,0.0,0.0,0.0,0.1429,0.8571,44.38,77.0,45.28,17.426428,79.48,72.26,61.1,"Statistical archetype: Wide Creator | Spatial profile: Right Half-Space | Mean position: X=57.4, Y=24.0 | Wide=0.14, Half-space=0.86, Central=0.00 | Spatial spread=6.66",2.13751522864961,-0.0405429204555574,,,-1.6095371374015148,,2.0088729142213286,,-0.6591161429378886,0.5038488662428825,,,,,,,-0.2073885117808072,0.6247277424926284,-0.5118115656361604,,,,,,,0.6504141326388306,Morocco,170.0,6,6,0.719626168224299,0.479235502302017,0.77,0.0,0.7792207792207793,0.0789740259740259,0.1802263051948052,1.168831168831169,0.1948051948051948,0.1948051948051948,0.7792207792207793,0.5844155844155845,0.1948051948051948,1.5584415584415583,31.55844155844156,27.467532467532468,1.5584415584415583,0.974025974025974,1.5584415584415583,0.5844155844155845,2.7272727272727275,1.3636363636363638,16.558441558441558,3.116883116883117,183.8610257728942,77.01598240715397,85.17086232070979,48.311688311688314,11.688311688311687,2.922077922077922,2.142857142857143,4.090909090909091,4.090909090909091,4.675324675324676,0.0,0.1948051948051948,0.7792207792207793,0.3896103896103896,0.7792207792207793,0.0,0.0,0.0,0.0,1.948051948051948,0.5844155844155845,0.0,0.0,0.0,0.0,0.0,0.0,0.0,0.0,0.0,0.0328862503406309,0.5886166534873671,0.0883304730804245,0.1597751721235476,1.2521913970957337,0.2547166269694101,0.3125382739494752,0.684936496176848,0.4626908748884918,0.1710142486995108,1.4215295374817385,35.048826154451405,30.21547123301498,1.930295084513002,1.1114443793549709,1.7816205554900524,0.5574141159223402,2.616415898142668,1.2601021588536532,16.98213162653003,2.7555091856479175,175.98948724889027,65.77714787207798,79.7338486587521,52.842953557468334,12.16357281391994,2.5981008524023377,1.854345742784796,4.190073939555847,4.4183595310249615,5.069594439046601,0.2337235373429895,0.4796393192506656,1.1817078254632247,0.6948715485280044,0.8528896802675985,0.480034542116396,0.0637925432936414,0.0172196831700373,0.0043581101366314,1.7531897880261536,0.8218236094895166,0.0402820068355545,0.0,0.0,0.0,0.0,0.0,0.0,0.0,0.0,0.8703703703703703,0.625,0.375,0.5,0.4666666666666667,0.0,0.5,0.0,49.0,45.5,57.1576,24.0602,58.7493,23.271,central_advanced,right_half_space,59.94,77.62121472616444,66.24886764305306,69.6528995679945,90.80051324294986,75.89469436748026,34.09005015065799,94.19802019090558,76.61035790070656,6,6,509,294,True,76.61035790070656,0.5191395282745361,0.3257078230381012,0.0658497363328933,0.0568539313971996,0.0324490033090114,0.0673244222998619,0.2988442778587341,0.4200901091098785,0.2137411534786224,0.8864004120891208,56.925170068027214,23.503401360544217,35.714285714285715,10.714285714285714,35.06,44.96,87.15,30.58,False,True,64.63,Low-cost adaptable option,Good,same statistical archetype; major price advantage; replicates the target's left wide lane and advanced middle third occupation; good statistical similarity (59.9%),9
889378,Nicolas Raskin,Belgium,M,25.4,346.0,7.1026011560693645,10900000.0,EUR,0,Wide Creator,Central Build-Up Zone,Creative Central Midfielder,Central Lane,Deeper Half,Mobile,86.59,86.59,6,340,1.0,0.1062,47.9579,52.1409,6.0681,5.8358,8.4189,0.0,1.0,0.0,0.0,0.0,1.0,0.0,0.0,0.0,0.0,53.75,57.67,68.4,16.204273,52.36,63.08,71.88,"Statistical archetype: Wide Creator | Spatial profile: Central Build-Up Zone | Mean position: X=48.0, Y=52.1 | Wide=0.00, Half-space=0.00, Central=1.00 | Spatial spread=8.42",1.172717969451197,1.9054820226390152,,,0.7008933124917619,,2.176241468671524,,0.5772722185392527,-0.6755038473546507,,,,,,,0.0319347092667365,1.0879674770618752,-0.7546360501434786,,,,,,,1.2880345370584705,Belgium,179.0,6,3,0.6577946768060836,0.3614784456460257,0.5766666666666667,0.0,0.5202312138728323,0.0347254335260115,0.4028220598265896,0.5202312138728323,0.2601156069364161,0.2601156069364161,0.0,0.7803468208092484,0.0,1.0404624277456649,60.346820809248555,50.46242774566474,5.202312138728324,1.8208092485549132,1.8208092485549132,0.7803468208092484,0.5202312138728323,0.2601156069364161,24.97109826589595,1.8208092485549132,235.91211203297703,53.488041186305026,113.75500389686512,73.8728323699422,12.485549132947977,0.2601156069364161,0.7803468208092484,6.2427745664739875,5.202312138728324,5.722543352601155,1.5606936416184969,0.7803468208092484,2.601156069364162,1.300578034682081,0.5202312138728323,2.601156069364162,0.0,0.2601156069364161,0.0,0.7803468208092484,3.1213872832369938,0.0,0.0,0.0,0.0,0.0,0.0,0.0,0.0,0.0,0.0401387314043442,0.3762203261195622,0.0612873834935979,0.3016873387895771,0.8439294238316747,0.310889875502588,0.3814630644022112,0.1515764839268754,0.5647291666889956,0.0376257560172736,1.0506120970784714,54.75541139003384,45.94740025018178,4.4092194757744245,1.6987591094028351,2.0034228072711286,0.6803419437683316,1.1401882254897209,0.5113794410343067,22.609369779909276,1.8232640630911847,208.49248606486785,47.822067133518,97.33730759518302,70.65622848649177,12.792801799499244,0.7756287970385951,0.8944676176194658,5.627428648659418,5.221647944711075,5.845398535870565,1.3118831007114051,0.927620613990356,2.468928562637624,1.3614211675950167,0.6987740964482857,2.2969242890470083,0.0778608608260794,0.1921198414356729,0.005319214273227,0.942106167134583,2.542986230593668,0.049165491232749,0.0,0.0,0.0,0.0,0.0,0.0,0.0,0.0,0.8362068965517241,0.35,0.4285714285714285,0.5,0.4761904761904761,0.6666666666666666,0.5,0.0,56.67,70.5,48.285,50.5674,49.2042,51.8593,deeper_half,central_lane,41.93,80.69266990891694,68.01025310352863,84.23788824173593,77.40525731303732,66.83717076860924,46.89932286569573,99.2855420315388,78.41883577064893,6,6,509,340,True,78.41883577064893,0.1407311558723449,0.2430240660905838,0.1678615063428878,0.2892524302005768,0.1591308712959289,0.1369736045598983,0.3631476759910583,0.4291373789310455,0.0707413554191589,0.9515647898646769,47.51764705882353,51.71176470588235,50.0,60.71428571428571,31.14,43.38,96.22,48.95,False,True,64.61,Low-cost adaptable option,Good,same statistical archetype; major price advantage; matches the target's advanced middle third depth with more right half-space occupation; useful heatmap occupation similarity (78.4%),10
1100952,Andreas Schjelderup,Norway,M,22.1,251.0,7.371713147410359,31000000.0,EUR,0,Wide Creator,Left Wide Midfield Zone,Left Touchline Creator,Left Half-Space,Advanced Middle Third,Mobile,77.1,77.1,6,200,0.87,0.1065,55.8735,79.932,8.0922,2.2207,8.3914,0.0,1.0,0.0,0.0,0.0,0.0,0.59,0.41,0.41,0.59,74.37,41.83,85.38,17.249498,75.47,51.4,76.51,"Statistical archetype: Wide Creator | Spatial profile: Left Wide Midfield Zone | Mean position: X=55.9, Y=79.9 | Wide=0.41, Half-space=0.59, Central=0.00 | Spatial spread=8.39",2.8399078324940747,0.3738566503639746,,,-1.460863169539414,,2.4940144645219036,,1.2885778018083387,0.5415237702199325,,,,,,,-0.2529984330508592,1.4506347830228572,0.2897324151974711,,,,,,,0.7776377892233346,Norway,177.0,6,2,0.5823665893271461,0.6377042156569662,0.4183333333333333,0.3585657370517928,1.0756972111553784,0.0607051792828685,0.279844074501992,1.0756972111553784,0.7171314741035857,0.3585657370517928,0.0,0.7171314741035857,0.0,1.792828685258964,36.57370517928287,30.47808764940239,1.792828685258964,1.0756972111553784,1.4342629482071714,0.3585657370517928,3.585657370517928,1.4342629482071714,23.306772908366533,4.661354581673307,212.9744133018111,92.16735164919967,127.9240216284804,57.37051792828685,13.98406374501992,2.50996015936255,2.151394422310757,7.171314741035856,5.378486055776893,7.171314741035856,0.0,0.7171314741035857,2.8685258964143427,0.7171314741035857,1.792828685258964,0.3585657370517928,0.0,0.0,0.0,1.0756972111553784,0.7171314741035857,0.0,0.0,0.0,0.0,0.0,0.0,0.0,0.0,0.0,0.2578027209250234,0.6679626253802545,0.0822718415722332,0.2077771930471405,1.238763055534712,0.5882321914486341,0.4655442502913297,0.1849866137947482,0.4803887277921386,0.0459191361138884,1.4910022344855591,39.67829789131741,33.31399659302927,2.248838617766467,1.2379287506865226,1.8185624051615168,0.4126678942509105,3.0620394584862947,1.250546603211242,21.119555694274432,3.478043844979033,189.09056762288864,69.09872465363817,101.97012036078772,60.33683569349111,13.73321054880882,2.1994912929055705,1.7180741690669117,6.03254633223864,5.32850770050586,6.716194036816514,0.3481450370631074,0.9232678490926388,2.5954905428013695,1.0350522834222244,1.4792463450853788,0.9238565569343996,0.0950227675046817,0.0256497368797307,0.0064916628949359,1.1497629789159878,1.0153381839727833,0.0600024324557447,0.0,0.0,0.0,0.0,0.0,0.0,0.0,0.0,0.8333333333333334,0.6,0.25,0.4,0.4285714285714285,0.0,0.25,0.0,33.33,32.0,56.3226,80.1506,58.0668,79.9037,central_advanced,left_half_space,68.79,39.86960643794947,36.077788099099784,41.48216761553136,79.27061256252888,44.26333375847798,78.8235493202231,93.44177000225272,46.110894044637256,6,6,509,200,True,46.110894044637256,0.0001132337274611,0.0175094101577997,0.0840337499976158,0.3535675704479217,0.5447761416435242,0.1312016695737838,0.2972508668899536,0.2925735414028168,0.2789740264415741,0.8788379102025922,55.4,79.505,35.714285714285715,89.28571428571429,29.58,40.48,89.24,81.87,False,True,64.47,Low-cost adaptable option,Good,same statistical archetype; major price advantage; operates mainly in the right wide lane and middle third; good statistical similarity (68.8%),11
288205,Bruno Fernandes,Portugal,M,31.8,423.0,7.557446808510638,32000000.0,EUR,0,Wide Creator,Left Half-Space,Left Half-Space Creator,Left Half-Space,Advanced Middle Third,Positionally Stable,87.59,87.59,5,395,1.0,0.1728,59.5995,60.8929,3.4849,3.2804,4.786,0.0,1.0,0.0,0.0,0.0,0.3924,0.6076,0.0,0.0,0.6076,13.75,70.5,93.87,17.281246,77.12,70.18,87.56,"Statistical archetype: Wide Creator | Spatial profile: Left Half-Space | Mean position: X=59.6, Y=60.9 | Wide=0.00, Half-space=0.61, Central=0.39 | Spatial spread=4.79",1.3374225022639148,1.2156820547857417,,,-0.4441954260134453,,1.047344390799397,,-0.3684856741081109,-0.6276260359800874,,,,,,,1.1599450261221445,0.1861520938363059,0.5313470297261198,,,,,,,1.2401007455708426,Portugal,179.0,5,5,0.7014925373134329,0.8062257748298549,0.705,0.0,0.2127659574468085,0.2222127659574468,0.2696111276595744,1.9148936170212765,0.6382978723404256,0.6382978723404256,0.6382978723404256,0.425531914893617,0.2127659574468085,1.2765957446808511,58.72340425531915,50.42553191489362,7.446808510638298,4.25531914893617,4.893617021276596,1.0638297872340423,1.0638297872340423,0.425531914893617,18.51063829787234,1.9148936170212765,153.81237938123743,35.91387785497213,74.00099993830511,76.59574468085107,15.95744680851064,1.4893617021276595,0.851063829787234,2.5531914893617023,5.1063829787234045,2.5531914893617023,1.2765957446808511,0.0,1.702127659574468,1.0638297872340423,0.0,0.425531914893617,0.2127659574468085,0.0,0.0,1.702127659574468,0.425531914893617,0.2127659574468085,0.0,0.0,0.0,0.0,0.0,0.0,0.0,0.0,0.0350132217556966,0.1789251932651571,0.1894165235781633,0.2211552479325332,1.780940094420333,0.5696982993604666,0.6312596548516801,0.5799821402081865,0.3433624240106331,0.1820748717497279,1.2149617961248358,54.33059103011245,46.498063899826896,6.08499078649643,3.422134811850566,4.135655715795379,0.8919732378476658,1.4423532447887115,0.5953326467397103,18.378985910832967,1.8889500782520117,154.4014815671208,36.21743846504501,71.54662590489883,72.97707493183196,15.189077523277948,1.5721073751945287,0.9295024326166484,3.117790164502246,5.151885271837521,3.6064338803779727,1.144362373091541,0.3614070364161315,1.8551516151698015,1.1875746835074277,0.3110367740162492,0.8095890149895957,0.2171721605215884,0.0183333940218307,0.0046399779564136,1.5680727096397855,0.7257226489092365,0.1921410421035257,0.0,0.0,0.0,0.0,0.0,0.0,0.0,0.0,0.8586956521739131,0.5714285714285714,0.217391304347826,0.4,0.6666666666666666,1.0,0.625,0.0,79.0,77.0,59.9786,60.8089,58.455,60.7767,central_advanced,left_half_space,44.82,78.70791680831024,67.93213721762562,70.62805352485874,91.70665697942208,59.453841985889525,57.34092656567759,98.38718318076737,77.06590815644118,6,4,509,344,True,77.06590815644118,0.0946576744318008,0.1529992073774337,0.1691739410161972,0.3066165447235107,0.2765527069568634,0.0413301810622215,0.2547903656959533,0.5586790442466736,0.1452002823352813,0.9282920419877384,58.11337209302326,60.7906976744186,64.28571428571429,75.0,35.11,58.21,88.89,0.0,False,True,64.46,Low-cost adaptable option,Good,same statistical archetype; major price advantage; matches the target's advanced middle third depth with more right half-space occupation; useful heatmap occupation similarity (77.1%),12
917087,Kang-in Lee,South Korea,M,25.4,270.0,7.266666666666667,30000000.0,EUR,0,Wide Creator,Right Half-Space,Right Half-Space Creator,Right Half-Space,Advanced Middle Third,Mobile,70.4,70.4,3,243,0.8488,0.0919,58.779,35.2535,3.7584,9.136,9.8789,0.0,1.0,0.0,0.0,0.679,0.321,0.0,0.0,0.0,0.679,53.75,45.0,83.96,17.216708,74.53,51.8,74.14,"Statistical archetype: Wide Creator | Spatial profile: Right Half-Space | Mean position: X=58.8, Y=35.3 | Wide=0.00, Half-space=0.68, Central=0.32 | Spatial spread=9.88",2.8852640218854173,0.5006607327666338,,,-1.1432417787678977,,1.5479087184070317,,-0.424883075219186,2.37906855848991,,,,,,,0.918902617162108,0.6556795584429846,-0.3626708080985297,,,,,,,1.5627285377058868,South Korea,173.0,3,3,0.6,0.832666399786453,0.45,0.0,0.3333333333333333,0.0464,0.2126016666666666,1.3333333333333337,0.3333333333333333,0.6666666666666667,0.3333333333333333,0.6666666666666667,0.0,2.3333333333333335,51.666666666666664,45.666666666666664,6.0,3.666666666666667,6.333333333333334,1.3333333333333337,4.666666666666667,3.666666666666667,31.0,0.6666666666666667,228.65472119802664,14.171287674659668,69.34479915408966,75.0,16.333333333333336,2.666666666666667,1.0,1.3333333333333337,7.333333333333334,4.0,0.6666666666666667,0.3333333333333333,0.6666666666666667,0.0,0.0,0.0,0.0,0.3333333333333333,0.0,2.3333333333333335,0.3333333333333333,0.0,0.0,0.0,0.0,0.0,0.0,0.0,0.0,0.0,0.0469177171526334,0.2397597589753105,0.0727781415947389,0.1704745722295945,1.3864597265232463,0.3633957211430251,0.6458879375012514,0.3771760678789699,0.4601056481742483,0.0439803281446354,1.82804880680728,48.60299198035067,42.307405625768034,4.753887653905216,2.7856606478797588,4.741778659165808,0.995244138715872,3.7327533480168738,2.597745746631212,25.827841120516176,1.131193104857696,199.5071814003947,23.27509496428231,67.91841826301142,70.78928040865482,15.153363881192451,2.306623882760669,1.045533259706309,2.5778388204330094,6.503526264262279,4.832621399706484,0.7334455799426651,0.6842854287976162,1.285903164327534,0.5913500758999528,0.416789277181774,0.6848492800860583,0.0910106950989284,0.2245667479892532,0.0062175704615942,1.9012174309173129,0.7724683495383771,0.0574689964187244,0.0,0.0,0.0,0.0,0.0,0.0,0.0,0.0,0.8838709677419355,0.6111111111111112,0.2105263157894736,0.7857142857142857,0.6470588235294118,0.6666666666666666,0.0,0.0,81.0,78.0,58.5304,35.5017,59.4514,29.0471,central_advanced,right_half_space,45.83,91.20683882990704,79.12331683603263,87.40812681901302,91.04514811300892,100.0,0.0,97.11547567637096,89.1291840591808,6,3,509,243,True,89.1291840591808,0.3404712378978729,0.3264643549919128,0.1265229135751724,0.1031422019004821,0.1033992990851402,0.026728555560112,0.3152281939983368,0.5048564076423645,0.1531868427991867,0.9155749669437746,58.333333333333336,34.806584362139915,69.04761904761905,17.857142857142858,29.16,54.87,89.58,48.95,False,True,64.44,High-value occupation-profile match,Good,same statistical archetype; major price advantage; strong heatmap occupation similarity (89.1%); replicates the target's left wide lane and advanced middle third occupation,13
1009386,Hannibal Mejbri,Tunisia,M,23.5,270.0,7.0,15700000.0,EUR,0,Wide Creator,Central Build-Up Zone,Creative Central Midfielder,Central Lane,Advanced Middle Third,Positionally Stable,68.7,68.7,3,222,0.8152,0.1745,52.9748,59.1302,4.1527,2.266,4.7307,0.0,1.0,0.0,0.0,0.0,0.6081,0.3919,0.0,0.0,0.3919,65.62,45.0,61.32,16.569171,59.43,52.27,61.36,"Statistical archetype: Wide Creator | Spatial profile: Central Build-Up Zone | Mean position: X=53.0, Y=59.1 | Wide=0.00, Half-space=0.39, Central=0.61 | Spatial spread=4.73",1.1714558028809765,0.4597411888492053,,,-0.8658121423657034,,1.0527716031058991,,1.010455526345276,0.0872178548083133,,,,,,,0.0154984402853005,0.847258243990936,-0.5269059006903606,,,,,,,0.5761347008949738,Tunisia,182.0,3,3,0.6,0.2000000000000001,0.45,0.0,0.6666666666666667,0.0212666666666666,0.1063225333333333,1.0,0.3333333333333333,0.6666666666666667,0.0,0.3333333333333333,0.0,1.6666666666666663,39.66666666666667,30.333333333333332,8.333333333333332,4.0,3.333333333333333,1.0,2.3333333333333335,1.0,25.999999999999996,1.3333333333333337,244.89357166942,30.42517188012633,94.55145743997066,61.0,16.333333333333336,1.6666666666666663,1.3333333333333337,4.333333333333333,9.0,5.666666666666666,0.6666666666666667,1.3333333333333337,2.3333333333333335,1.3333333333333337,0.3333333333333333,0.0,0.0,0.3333333333333333,0.0,5.0,1.3333333333333337,0.0,0.0,0.0,0.0,0.0,0.0,0.0,0.0,0.0,0.0469177171526334,0.4397597589753105,0.0576981415947389,0.1067070922295946,1.1864597265232464,0.3633957211430251,0.6458879375012514,0.1771760678789699,0.2601056481742483,0.0439803281446354,1.42804880680728,41.40299198035068,33.10740562576804,6.153887653905215,2.985660647879758,2.941778659165808,0.7952441387158721,2.3327533480168734,0.9977457466312118,22.827841120516176,1.531193104857696,209.2504916832307,33.02742548756231,83.04241323454002,62.38928040865483,15.153363881192451,1.7066238827606688,1.245533259706309,4.377838820433009,7.503526264262279,5.8326213997064835,0.7334455799426651,1.2842854287976162,2.285903164327534,1.3913500758999529,0.616789277181774,0.6848492800860583,0.0910106950989284,0.2245667479892532,0.0062175704615942,3.5012174309173125,1.372468349538377,0.0574689964187244,0.0,0.0,0.0,0.0,0.0,0.0,0.0,0.0,0.7647058823529411,0.48,0.3,0.4285714285714285,0.6136363636363636,0.3333333333333333,0.5714285714285714,0.0,74.0,73.0,53.4015,58.959,51.4172,58.929,central_advanced,central_lane,35.13,74.01147206652588,66.34682725963694,73.22212803016913,83.9428935528885,44.26333375847798,78.8235493202231,99.6157118164121,73.1855559222406,6,3,509,222,True,73.1855559222406,0.1582000702619552,0.1402706801891327,0.1205852180719375,0.2474814504384994,0.3334625363349914,0.0717680752277374,0.3629768192768097,0.4503946900367737,0.1148603782057762,0.940577328344186,52.53603603603604,58.689189189189186,35.714285714285715,89.28571428571429,40.31,54.03,94.55,68.93,False,True,64.25,Low-cost adaptable option,Good,same statistical archetype; major price advantage; matches the target's advanced middle third depth with more right wide lane occupation; useful heatmap occupation similarity (73.2%),14
547410,Martin Ødegaard,Norway,M,27.6,471.0,6.926114649681528,71000000.0,EUR,0,Wide Creator,Right Half-Space,Right Half-Space Creator,Right Half-Space,Advanced Middle Third,Highly Fixed,88.74,88.74,5,484,1.0,0.2491,57.195,33.9388,2.419,1.7997,3.015,0.0,1.0,0.0,0.0,1.0,0.0,0.0,0.0,0.0,1.0,40.0,78.5,51.89,18.07819,90.57,75.31,65.79,"Statistical archetype: Wide Creator | Spatial profile: Right Half-Space | Mean position: X=57.2, Y=33.9 | Wide=0.00, Half-space=1.00, Central=0.00 | Spatial spread=3.02",2.5797025038732597,1.536411770430047,,,-1.0633053028168928,,1.5925839859926938,,-1.2911332478245892,-0.2033572581533374,,,,,,,1.0404390963676473,2.5392061181334378,0.5151238762057393,,,,,,,0.6007582627948137,Norway,178.0,5,5,0.7235023041474654,0.3974921382870358,0.785,0.0,0.7643312101910827,0.2516369426751592,0.1970641337579617,1.719745222929936,0.5732484076433121,0.5732484076433121,0.5732484076433121,0.3821656050955413,0.3821656050955413,1.1464968152866242,68.02547770700637,60.573248407643305,3.057324840764331,2.1019108280254777,2.8662420382165603,0.7643312101910827,1.719745222929936,0.7643312101910827,36.11464968152866,2.484076433121019,343.8782442175701,55.92870316486873,135.10685207657716,84.26751592356688,14.522292993630572,2.2929936305732483,1.3375796178343948,3.057324840764331,2.8662420382165603,4.012738853503184,0.1910828025477706,0.1910828025477706,1.1464968152866242,0.7643312101910827,0.5732484076433121,0.3821656050955413,0.0,0.1910828025477706,0.0,0.7643312101910827,0.5732484076433121,0.0,0.0,0.0,0.0,0.0,0.0,0.0,0.0,0.0,0.0324316017184102,0.5804790960658828,0.213123139351202,0.1722401144444202,1.6496265390713685,0.5276928947993261,0.5847151641713719,0.5372184801006704,0.3180453789222914,0.3068988443396097,1.1253793595442028,61.38455666844517,54.129543059286654,3.009599760763974,1.9255718764145793,2.7247317920500973,0.6879567779141973,1.8890000101499125,0.8279348479017593,31.125235797591827,2.3026680448325085,291.87113661011665,50.67582834473441,115.93781839449886,78.79443346220378,14.207394387921044,2.1474358636594486,1.2757142348200292,3.440902410437564,3.5277831319785333,4.5847613362026385,0.3687411842921647,0.4730083609200112,1.4418685467701846,0.9617627252764652,0.7028497307708115,0.74989581572769,0.0629106187319782,0.1552304709603133,0.0042978597660789,0.8994590536294788,0.8104619927684633,0.0397251127318371,0.0,0.0,0.0,0.0,0.0,0.0,0.0,0.0,0.8904494382022472,0.6875,0.2666666666666666,0.4444444444444444,0.4166666666666667,0.5,0.6666666666666666,0.0,96.8,100.0,57.1286,33.5545,57.051,33.1297,central_advanced,right_half_space,63.68,91.382229473976,78.38269226754998,86.25132586046709,91.66864007927111,100.0,0.0,97.94566906475974,89.05693323770981,6,5,509,484,True,89.05693323770981,0.3216287791728973,0.3528506457805633,0.1498420387506485,0.137413889169693,0.0382646657526493,0.0734400451183319,0.284047394990921,0.4713213145732879,0.1711912304162979,0.9238769008276624,56.74380165289256,33.493801652892564,69.04761904761905,17.857142857142858,30.3,43.58,75.35,22.0,False,True,62.67,High-value occupation-profile match,Moderate,same statistical archetype; strong heatmap occupation similarity (89.1%); matches the target's advanced middle third depth with more left half-space occupation; useful price advantage,15
217704,Sadio Mané,Senegal,M,34.3,364.0,6.9010989010989015,5600000.0,EUR,0,Wide Creator,Left Advanced Half-Space,Left Half-Space Creator,Left Half-Space,Advanced Middle Third,Free-Roaming,78.71,78.71,4,271,0.93,0.0806,62.4391,77.445,11.0276,2.9021,11.4031,0.0,0.4576,0.5424,0.0,0.0,0.0,1.0,0.0,0.0,1.0,0.0,60.67,50.94,15.538277,37.97,61.46,59.99,"Statistical archetype: Wide Creator | Spatial profile: Left Advanced Half-Space | Mean position: X=62.4, Y=77.4 | Wide=0.00, Half-space=1.00, Central=0.00 | Spatial spread=11.40",3.2758110543611347,0.0049004931612334,,,-1.741697399600803,,2.0926326337501275,,-0.1798292344768019,1.1339080093642435,,,,,,,-0.1227917430134459,1.0504038739967063,0.2833038088644487,,,,,,,1.506365293177076,Senegal,175.0,4,4,0.6691176470588235,0.270801280154532,0.6066666666666667,0.0,0.2472527472527472,0.1671675824175824,0.2471908846153846,1.4835164835164836,0.7417582417582418,0.4945054945054945,0.2472527472527472,0.7417582417582418,0.2472527472527472,2.967032967032967,33.37912087912088,27.197802197802197,1.978021978021978,1.4835164835164836,3.214285714285714,0.4945054945054945,3.956043956043956,1.978021978021978,22.5,4.450549450549451,190.1663592605036,71.00878248621916,73.57256554679256,55.38461538461539,16.071428571428573,3.708791208791209,0.989010989010989,3.4615384615384617,6.181318681318682,5.934065934065934,0.7417582417582418,1.7307692307692308,0.989010989010989,0.4945054945054945,0.7417582417582418,0.2472527472527472,0.0,0.2472527472527472,0.0,2.4725274725274726,0.989010989010989,0.7417582417582418,0.0,0.0,0.0,0.0,0.0,0.0,0.0,0.0,0.0388106116152299,0.1983306829759002,0.1490278744809421,0.2008981424693337,1.477769994366656,0.6314854310925759,0.534282301241844,0.3120022620322361,0.5460432751441392,0.2018219626196432,2.339378608572199,36.89585733668714,30.53002303602135,2.2780320666495353,1.4771089918123002,2.929780140854069,0.4923894529818795,3.4186378797933696,1.652547033058907,21.034059750426984,3.5827884139447854,178.79046264252526,59.73298140947187,70.99376159151365,58.39186798510049,15.1820105634864,3.066141079489524,1.0303124390952922,3.786815200725835,5.87607871124637,5.982866966668967,0.7721516745849252,1.558691990733322,1.3945890146091733,0.8200506142554758,0.8410940711981587,0.7319525294829526,0.0752845823428636,0.1857629349175808,0.0051432108597746,2.0690217718985124,1.135313892081378,0.5438622213022537,0.0,0.0,0.0,0.0,0.0,0.0,0.0,0.0,0.8148148148148148,0.75,0.1538461538461538,0.5,0.5102040816326531,0.3,0.5,0.0,67.75,68.0,61.6418,77.5685,65.3324,78.8861,central_advanced,left_half_space,69.09,49.85785414619963,44.642321254266456,47.13648880543593,87.69693158824155,54.41859590696036,64.46183986038515,95.0243602729556,54.81288117231665,6,4,509,271,True,54.81288117231665,0.0122799174860119,0.0546006448566913,0.0913190245628357,0.3375981748104095,0.5042021870613098,0.0794145464897155,0.2202023118734359,0.3873031139373779,0.3130800724029541,0.8946638129096209,61.98523985239852,77.02583025830258,73.80952380952381,82.14285714285714,29.68,35.67,98.06,0.0,False,True,62.54,Low-cost adaptable option,Moderate,same statistical archetype; major price advantage; matches the target's advanced middle third depth with more right wide lane occupation; good statistical similarity (69.1%),16
1464966,Rayan,Brazil,M,19.9,289.0,7.265051903114187,58000000.0,EUR,0,Wide Creator,Right Wide Midfield Zone,Right Touchline Creator,Right Wide,Advanced Middle Third,Mobile,70.18,70.18,4,185,0.826,0.1187,61.8373,18.4951,6.9116,2.7123,7.4247,0.0,0.6649,0.3351,0.5297,0.4703,0.0,0.0,0.0,0.5297,0.4703,88.13,48.17,83.49,17.875954,88.44,52.96,74.06,"Statistical archetype: Wide Creator | Spatial profile: Right Wide Midfield Zone | Mean position: X=61.8, Y=18.5 | Wide=0.53, Half-space=0.47, Central=0.00 | Spatial spread=7.42",1.3368011253182497,0.985140266197148,,,0.8492740266853536,,1.807745940515093,,0.0216269518022863,1.0559323004654153,,,,,,,0.6962214850309798,-0.5053599866223337,0.4265530606030752,,,,,,,1.0006503712442214,Brazil,185.0,4,3,0.6162046908315565,0.5560275772537423,0.4816666666666667,0.0,0.3114186851211072,0.2510346020761246,0.0881729688581315,1.5570934256055364,0.6228373702422145,0.6228373702422145,0.3114186851211072,0.9342560553633218,0.3114186851211072,3.114186851211073,30.2076124567474,28.027681660899653,1.245674740484429,1.245674740484429,3.42560553633218,0.6228373702422145,2.179930795847751,1.8685121107266436,13.079584775086506,1.245674740484429,101.22182072823956,24.81452861911287,56.49778053316744,47.3356401384083,7.474048442906574,1.245674740484429,0.6228373702422145,2.491349480968858,5.916955017301038,4.048442906574395,1.5570934256055364,1.5570934256055364,1.245674740484429,1.245674740484429,0.9342560553633218,0.3114186851211072,0.0,0.0,0.0,1.245674740484429,1.5570934256055364,0.3114186851211072,0.0,0.0,0.0,0.0,0.0,0.0,0.0,0.0,0.0450169994001813,0.230046677055202,0.1978063192273614,0.0955076663183743,1.5221895030606842,0.5405715874506638,0.6197219016536527,0.3618960139563677,0.6333636283121785,0.2340962636782216,2.329684356211676,35.5039368681403,31.574269790182548,1.8747322905273929,1.3295251418888938,3.014499779583398,0.571129770622905,2.2382494810396443,1.5330183070022287,14.994730286209553,1.469161827688621,122.16324754194385,29.46469900360885,60.0598102789687,53.9129556159801,9.742033574704909,1.4455879472117292,0.8112792470529617,3.2409967360231433,5.664364219441419,4.8287412150701865,1.279425396533474,1.424154462598992,1.6176043154528577,1.3349840813538991,0.9755973874878427,0.8490025075452585,0.0873236946578204,0.0235715065994967,0.0059656859439603,1.2485028654856944,1.508764940921684,0.247038482704533,0.0,0.0,0.0,0.0,0.0,0.0,0.0,0.0,0.9278350515463918,1.0,0.1818181818181818,0.8571428571428571,0.59375,0.5,1.0,0.0,46.25,45.0,60.7607,18.7293,58.3227,19.0092,central_advanced,right_wide,37.44,71.8885559116645,56.93149361180302,63.45268655039293,86.99994704887506,93.9297386742943,8.584645893961879,91.61673764137286,71.65316385390301,6,4,509,185,True,71.65316385390301,0.5811527371406555,0.3256968259811401,0.0769750252366066,0.0160490106791257,0.0001265118044102,0.0682560056447982,0.2357291430234909,0.3698668777942657,0.3261480331420898,0.8605875865937936,61.41081081081081,18.03783783783784,73.80952380952381,10.714285714285714,29.15,41.57,79.86,100.0,False,True,60.39,Balanced value alternative,Moderate,same statistical archetype; replicates the target's left wide lane and advanced middle third occupation; useful price advantage,17
259117,Joshua Kimmich,Germany,M,31.4,353.0,7.624079320113315,38000000.0,EUR,0,Wide Creator,Right Half-Space,Right Half-Space Creator,Right Half-Space,Advanced Middle Third,Mobile,79.15,79.15,4,477,0.93,0.1103,52.6597,29.7688,5.7489,5.6549,8.064,0.0,1.0,0.0,0.0,1.0,0.0,0.0,0.0,0.0,1.0,16.25,58.83,96.7,17.453097,80.66,61.23,85.22,"Statistical archetype: Wide Creator | Spatial profile: Right Half-Space | Mean position: X=52.7, Y=29.8 | Wide=0.00, Half-space=1.00, Central=0.00 | Spatial spread=8.06",2.154596179117505,3.1979012936471625,,,0.5629362757935724,,2.522819945939117,,0.0145897070635463,-0.0499209236800409,,,,,,,1.9643413397828808,1.187533381494081,-0.5273724137307623,,,,,,,2.067441660402196,Germany,176.0,4,4,0.6622889305816135,0.5802298395176403,0.5883333333333334,0.0,0.509915014164306,0.0298555240793201,0.2860082209631728,1.274787535410765,0.254957507082153,0.509915014164306,0.509915014164306,1.019830028328612,0.0,2.039660056657224,86.43059490084985,79.03682719546742,6.118980169971672,4.079320113314448,7.64872521246459,1.529745042492918,0.254957507082153,0.254957507082153,32.37960339943343,1.274787535410765,257.78312718383626,32.47276988083946,89.78718353364026,111.41643059490085,15.29745042492918,0.509915014164306,0.254957507082153,4.079320113314448,4.079320113314448,3.3144475920679883,0.509915014164306,1.019830028328612,1.529745042492918,0.764872521246459,1.019830028328612,0.509915014164306,0.0,0.509915014164306,0.0,1.7847025495750708,0.0,0.0,0.0,0.0,0.0,0.0,0.0,0.0,0.0,0.0,0.039611581085713,0.37127934622681,0.0577132527535319,0.2256510497247984,1.3394125270834163,0.3068068940231919,0.545308765244959,0.4872968678152654,0.7261679956442998,0.0371316091277409,1.712236328448923,72.10383938303528,64.93120550017939,5.026734416993147,3.1961487646264377,5.860788736631546,1.177973475463682,0.95635836136509,0.5046633883377961,27.54695779405681,1.4616076870280734,223.3375249579824,33.97829799194232,81.67930250305055,95.5631823337611,14.65105768580976,0.9342978372275816,0.5450093187013865,4.202678178601978,4.477648815981286,4.248929887181834,0.6192317279065652,1.0842935139942351,1.7610814708206195,1.0058302704596225,1.027308020134706,0.9159140263390736,0.0768382979259245,0.3584522262573433,0.0052493559244229,1.6051554294799075,0.4833222463269598,0.0485197905974221,0.0,0.0,0.0,0.0,0.0,0.0,0.0,0.0,0.9144542772861356,0.6666666666666666,0.2,1.0,0.5517241379310345,0.3333333333333333,0.5,0.0,119.25,97.0,51.1133,28.0747,52.542,27.511,central_advanced,right_half_space,36.55,82.78987600640741,66.89425877883504,76.15913303382288,86.1795655040068,91.58206212873158,11.904761904761909,95.2627124557575,80.34989834197815,6,4,509,477,True,80.34989834197815,0.391013890504837,0.3887710869312286,0.1121962293982505,0.068225085735321,0.0397936813533306,0.0952038243412971,0.3030514419078827,0.5139902830123901,0.0877544209361076,0.8970473347376399,52.21802935010482,29.331236897274632,59.523809523809526,25.0,29.71,40.92,86.81,0.0,False,True,59.64,Low-cost adaptable option,Moderate,same statistical archetype; major price advantage; replicates the target's left wide lane and advanced middle third occupation; useful heatmap occupation similarity (80.3%),18
839981,Lucas Paquetá,Brazil,M,28.9,236.0,7.10042372881356,36000000.0,EUR,0,Wide Creator,Left Half-Space,Left Half-Space Creator,Left Half-Space,Advanced Middle Third,Mobile,79.05,79.05,4,295,0.93,0.1035,53.961,68.3027,4.74,7.2487,8.6609,0.0,1.0,0.0,0.0,0.0,0.2576,0.7424,0.0,0.0,0.7424,31.88,39.33,67.92,17.39903,78.77,52.32,67.58,"Statistical archetype: Wide Creator | Spatial profile: Left Half-Space | Mean position: X=54.0, Y=68.3 | Wide=0.00, Half-space=0.74, Central=0.26 | Spatial spread=8.66",2.388537760998571,0.7304125607276023,,,-1.324654390584675,,2.7779857619358705,,2.320255872318253,0.242825873055989,,,,,,,0.4164550335652074,-0.0377237960890587,0.0766489718334755,,,,,,,1.3101720832841235,Brazil,180.0,4,4,0.5673076923076923,0.2753785273643052,0.3933333333333333,0.0,0.3813559322033898,0.1395381355932203,0.3429987711864407,1.906779661016949,0.3813559322033898,0.3813559322033898,1.1440677966101696,1.1440677966101696,0.0,3.4322033898305087,70.55084745762711,60.63559322033898,4.194915254237288,1.906779661016949,1.906779661016949,0.0,3.0508474576271185,1.1440677966101696,20.593220338983052,0.7627118644067796,151.1552727224794,12.179256257414746,65.50306205267299,94.95762711864408,18.6864406779661,1.906779661016949,1.5254237288135593,8.008474576271187,8.008474576271187,6.101694915254237,1.5254237288135593,0.3813559322033898,3.0508474576271185,1.906779661016949,1.906779661016949,1.5254237288135593,0.3813559322033898,0.7627118644067796,0.0,2.288135593220339,1.1440677966101696,0.0,0.0,0.0,0.0,0.0,0.0,0.0,0.0,0.0,0.0507523382660698,0.2593555085069465,0.1277720281673858,0.2410067728445133,1.716122300325627,0.3930963329672147,0.4823307016239497,0.8406952657344627,0.7140565905731051,0.0475748741949181,2.4101489496713366,59.06573651720626,50.52483781633562,3.628003471772469,1.715257912369931,2.100481722655321,0.2112015923609193,2.7397572274220985,1.079292274000109,19.50127044286606,1.2236463874662575,153.1588972817682,22.889061390670214,65.62239204610998,81.76725044205449,16.391859967636062,1.8461075654863004,1.347331651124613,6.466412185564553,6.818718314706792,6.092979879490187,1.2260829590725943,0.7402126032666522,2.6890779421812265,1.721412341718699,1.5325845546437458,1.6062071539392455,0.3147952230637447,0.459266914892221,0.0067257372781668,1.8402592401749776,1.2682950896448788,0.0621659817029471,0.0,0.0,0.0,0.0,0.0,0.0,0.0,0.0,0.8594594594594595,0.4545454545454545,0.0,0.375,0.5675675675675675,0.8,0.625,0.0,73.75,74.0,54.14,68.3565,53.4595,71.6347,central_advanced,left_half_space,55.05,61.51634428375306,55.3537851839065,60.1174624062545,86.22584840266163,54.41859590696036,64.46183986038515,95.61821531148684,63.9651008204718,6,4,509,295,True,63.9651008204718,0.0427914373576641,0.115646131336689,0.1295717805624008,0.3490106761455536,0.3629800379276275,0.0752094462513923,0.2725173234939575,0.5640560388565063,0.0882172584533691,0.9006023632949335,53.50847457627118,67.86440677966101,64.28571428571429,82.14285714285714,29.7,46.23,87.5,6.08,False,True,59.57,Low-cost adaptable option,Moderate,same statistical archetype; major price advantage; matches the target's advanced middle third depth with more right wide lane occupation; good statistical similarity (55.0%),19
901325,Nicolás González,Argentina,M,28.3,182.0,6.869780219780219,23000000.0,EUR,0,Wide Creator,Left Advanced Wide Zone,Left Touchline Creator,Left Wide,Advanced Middle Third,Mobile,75.84,75.84,6,202,0.8388,0.1187,62.5183,80.9223,6.8152,2.9397,7.4222,0.0,0.6238,0.3762,0.0,0.0,0.0,0.4554,0.5446,0.5446,0.4554,35.62,30.33,47.17,16.951005,67.22,45.38,53.98,"Statistical archetype: Wide Creator | Spatial profile: Left Advanced Wide Zone | Mean position: X=62.5, Y=80.9 | Wide=0.54, Half-space=0.46, Central=0.00 | Spatial spread=7.42",2.1474422079548985,0.8919464325098565,,,-0.0962823885384625,,1.972464978957321,,0.7967275672543697,0.534585549554613,,,,,,,0.3518947456693257,0.0413339230473929,0.5075030687160296,,,,,,,1.7844108697124497,Argentina,180.0,5,0,0.5027624309392266,0.3768288736283355,0.3033333333333333,0.0,0.4945054945054945,0.3161373626373626,0.4724928494505495,2.967032967032967,0.0,1.978021978021978,0.989010989010989,0.4945054945054945,0.4945054945054945,2.4725274725274726,43.02197802197802,35.604395604395606,0.989010989010989,0.989010989010989,2.967032967032967,0.989010989010989,3.956043956043956,1.4835164835164836,13.351648351648352,3.4615384615384617,120.49304172527869,69.72273131479912,57.1843306876284,68.24175824175823,14.34065934065934,1.4835164835164836,0.4945054945054945,5.43956043956044,8.406593406593407,6.428571428571428,4.450549450549451,1.978021978021978,1.4835164835164836,0.989010989010989,0.4945054945054945,3.956043956043956,0.4945054945054945,0.0,0.0,0.989010989010989,1.4835164835164836,0.0,0.0,0.0,0.0,0.0,0.0,0.0,0.0,0.0,0.058323129057141,0.2980438992787009,0.2148043196619683,0.2908972544290541,2.2207372291034835,0.2031162279402246,1.300136938882771,0.7174840622804876,0.3233357504928501,0.3032904631632208,1.7751987929924753,43.5120066054083,36.43185782208734,1.9316282990534457,1.225268761176495,2.662432034874623,0.7399443713318852,3.1484502944961132,1.2402916739890757,15.697592553127846,2.6492731966463072,138.0419627091468,53.41735403608389,61.457847049445576,66.36789001075874,13.864678857835916,1.6242562078516602,0.8024584720106049,4.944827262969211,6.841400052259739,6.256021076983197,2.6520732347353575,1.5964874114887495,1.8471171932248347,1.2323412545717645,0.7667270020215422,2.840282254250625,0.3617536265041928,0.0305387751247623,0.0077290240544679,1.1202979113613,1.4574882798128996,0.071439360189022,0.0,0.0,0.0,0.0,0.0,0.0,0.0,0.0,0.8275862068965517,1.0,0.3333333333333333,0.375,0.5666666666666667,0.6923076923076923,0.6666666666666666,0.0,33.67,26.5,61.2294,81.2503,60.3346,80.7534,central_advanced,left_wide,67.5,32.08238407744846,30.04737746535422,41.846199853544555,68.82376539397397,52.589743448238394,67.04822781108915,91.66706156082846,40.33050430700027,6,5,509,172,True,40.33050430700027,0.0005835104966536,0.0246478710323572,0.0800653174519538,0.3465557992458343,0.548147439956665,0.1355816721916198,0.1945680230855941,0.224205732345581,0.4456446170806885,0.8610908257883495,62.25581395348837,80.17441860465117,88.09523809523809,82.14285714285714,29.5,38.6,92.01,13.42,False,True,58.31,Low-cost adaptable option,Moderate,same statistical archetype; major price advantage; operates mainly in the right wide lane and final third; good statistical similarity (67.5%),20
987650,Moisés Caicedo,Ecuador,M,24.7,360.0,7.5,104000000.0,EUR,0,Wide Creator,Central Build-Up Zone,Creative Central Midfielder,Central Lane,Advanced Middle Third,Positionally Stable,79.98,79.98,4,416,0.93,0.1655,51.2998,47.2048,2.0908,4.5902,5.044,0.0,1.0,0.0,0.0,0.2043,0.7957,0.0,0.0,0.0,0.2043,58.13,60.0,90.8,18.459901,96.7,62.86,82.51,"Statistical archetype: Wide Creator | Spatial profile: Central Build-Up Zone | Mean position: X=51.3, Y=47.2 | Wide=0.00, Half-space=0.20, Central=0.80 | Spatial spread=5.04",1.1885800781634792,2.8837343159573807,,,1.1115072929126932,,2.132980516575804,,0.2517914660402345,-0.8907007447092192,,,,,,,1.3454694013797728,0.1423175680029384,-0.6509107218533888,,,,,,,2.4254716259353186,Ecuador,178.0,4,4,0.6666666666666666,0.5597618541248888,0.6,0.0,0.0,0.021225,0.4674325,1.0,0.25,0.75,0.0,0.75,0.0,2.25,74.75,66.75,6.25,3.5,4.0,1.5,1.5,0.25,19.75,1.25,153.2504639260325,31.00951057429275,81.35828254587099,90.25,12.249999999999998,0.25,0.25,5.0,4.25,4.75,0.75,1.0,2.25,1.75,1.0,1.0,0.25,0.25,0.0,1.0,1.25,0.0,0.0,0.0,0.0,0.0,0.0,0.0,0.0,0.0,0.0390980976271945,0.0331331324794254,0.0515984513289491,0.3473829768579954,1.1553831054360386,0.3028297676191876,0.7049066145843761,0.1476467232324749,0.550088040145207,0.0366502734538628,1.8567073390060669,64.50249331695889,56.92283802147337,5.12823971158768,2.8213838732331316,3.451482215971507,1.1627034489298935,1.7772944566807278,0.4981214555260099,19.189867600430148,1.4426609207147465,154.09559985200391,32.98327568243393,76.16513733937867,81.65773367387902,12.62780323432704,0.7555199023005574,0.5379443830885908,4.814865683694174,4.586271886885232,5.1938511664220695,0.7778713166188875,1.070237857331347,2.2382526369396114,1.659458396583294,1.013991064318145,1.2373744000717153,0.2425089125824404,0.187138956657711,0.0051813087179952,1.0843478590977609,1.3103902912819807,0.047890830348937,0.0,0.0,0.0,0.0,0.0,0.0,0.0,0.0,0.8929765886287625,0.56,0.375,0.1666666666666666,0.4722222222222222,0.4285714285714285,0.7777777777777778,0.0,104.0,90.5,50.9078,46.3167,50.9373,46.9759,central_advanced,central_lane,25.38,83.68685006073481,70.58171709230876,82.52284129157081,83.13482162003734,68.95617902284454,43.90259265377564,96.86599312327176,80.8166433472958,6,3,509,331,True,80.8166433472958,0.1150434613227844,0.2844569683074951,0.2401175647974014,0.2736801207065582,0.0867018699645996,0.0785987824201583,0.3341432809829712,0.5299509167671204,0.057306982576847,0.9130801414127826,51.229607250755286,48.75226586102719,59.523809523809526,60.71428571428571,41.28,52.19,63.89,57.53,False,True,57.69,Balanced value alternative,Moderate,same statistical archetype; matches the target's advanced middle third depth with more left half-space occupation; useful price advantage; useful heatmap occupation similarity (80.8%),21
